# Flash layout for 8 MB flash and up (docs/design.md, Boards and images). The small
# partitions are at the same offsets in every layout: board (the board definition) and
# config (two slots) sit in the space before the first app slot.
# Name,   Type, SubType, Offset,   Size
nvs,      data, nvs,     0x9000,   0x6000
otadata,  data, ota,     0xf000,   0x2000
phy_init, data, phy,     0x11000,  0x1000
board,    data, 0x40,    0x12000,  0x1000
config,   data, 0x41,    0x13000,  0x8000
ota_0,    app,  ota_0,   0x20000,  0x300000
ota_1,    app,  ota_1,   0x320000, 0x300000
